sample_id	ct_fraction	p_NEPC	p_NEPC_cal	p_NEPC_cal_10	risk_lp	S_12m	S_24m	S_36m
BA46	0.4321	0.24245582029676865	0.2639919912932499	2.6399199129324993	1.1295420453217557	0.6090221267108168	0.2385108855088065	0.09802170379117625
LF47	0.06811	0.20413978815210349	0.18111518387356004	1.8111518387356005	0.7749372025612573	0.7062049297411405	0.3658918823442131	0.19609314571823158
PL63	0.2011	0.25848657474527914	0.24856752227504264	2.4856752227504266	1.0635453982360707	0.6286192774432053	0.2613751312340672	0.11369528570102991
