sample	.pred_ARPC	.pred_NEPC	.pred_class
63XS	NA	NA	NA
BA46	0.7575441797032314	0.24245582029676863	ARPC
BH51	NA	NA	NA
EJ37	NA	NA	NA
FS71	NA	NA	NA
GS47	NA	NA	NA
IL49	NA	NA	NA
JA42	NA	NA	NA
JE49	NA	NA	NA
JE74	NA	NA	NA
LAAF63	NA	NA	NA
LF47	0.7958602118478966	0.20413978815210349	ARPC
LJ52	NA	NA	NA
MA56	NA	NA	NA
ME55	NA	NA	NA
MS61	NA	NA	NA
PA66	NA	NA	NA
PL56	NA	NA	NA
PL63	0.7415134252547209	0.25848657474527914	ARPC
PV40	NA	NA	NA
RG51	NA	NA	NA
ubc28	NA	NA	NA
ubc29	NA	NA	NA
