tf_name	AUC_AR	sAUC_AR	AUC_NE	sAUC_NE	mean_AR	mean_NE	direction	d	p	n_ARPC	n_NEPC	sAUC_dir	p_adj
AR	1	1	0	-1	0.17019284832824091	0.04408039279702528	ARPC_high	3.2494464347817997	5.159958720330237e-5	14	6	1	0.002315531475748194
HOXB13	1	1	0	-1	0.13009784267633295	0.021138157661263198	ARPC_high	2.6978243187185256	5.159958720330237e-5	14	6	1	0.002315531475748194
GATA2	0.8809523809523809	0.8809523809523809	0.11904761904761904	-0.8809523809523809	0.10190834239324335	0.061228466921656	ARPC_high	1.6559367587244713	0.006449948400412796	14	6	0.8809523809523809	0.05145625501662653
